Workbook

Sheet Data
A1: seconds | B1: hr_fft | C1: conf_fft | D1: peak_hz | E1: peak_ratio | F1: k_peaks | G1: hr_final | H1: conf_final | I1: mode | J1: s_motion | K1: s_freq | L1: motion_high | M1: freq_bad | N1: motion | O1: external_hr | P1: error_bpm | Q1: abs_error_bpm
A2: 0 | B2: 82.3 | C2: 0.73 | D2: 1.381 | E2: 2.41 | F2: 7 | G2: 82.3 | H2: 0.73 | I2: FREQ | J2: 0 | K2: 0.73 | L2: 1 | M2: 0 | N2: 10140.2 | O2: 83 | P2: =G2-O2 -> -0.7 | Q2: =ABS(P2) -> 0.7
A3: 1 | B3: 82.7 | C3: 0.8 | D3: 1.39 | E3: 2.64 | F3: 7 | G3: 82.7 | H3: 0.69 | I3: FREQ | J3: 0.04 | K3: 0.69 | L3: 1 | M3: 0 | N3: 9577.4 | O3: 83 | P3: =G3-O3 -> -0.3 | Q3: =ABS(P3) -> 0.3
A4: 2 | B4: 83.7 | C4: 0.78 | D4: 1.425 | E4: 2.56 | F4: 7 | G4: 83.7 | H4: 0.68 | I4: FREQ | J4: 0 | K4: 0.68 | L4: 1 | M4: 0 | N4: 10208.4 | O4: 85 | P4: =G4-O4 -> -1.3 | Q4: =ABS(P4) -> 1.3
A5: 3 | B5: 85 | C5: 0.82 | D5: 1.45 | E5: 2.71 | F5: 7 | G5: 85 | H5: 0.79 | I5: FREQ | J5: 0.01 | K5: 0.79 | L5: 1 | M5: 0 | N5: 9897.1 | O5: 85 | P5: =G5-O5 -> 0 | Q5: =ABS(P5) -> 0
A6: 4 | B6: 86.2 | C6: 0.54 | D6: 1.465 | E6: 2.25 | F6: 7 | G6: 86.2 | H6: 0.51 | I6: FREQ | J6: 0.18 | K6: 0.51 | L6: 1 | M6: 0 | N6: 8232.6 | O6: 86 | P6: =G6-O6 -> 0.2 | Q6: =ABS(P6) -> 0.2
A7: 5 | B7: 86.6 | C7: 0.4 | D7: 1.465 | E7: 1.8 | F7: 7 | G7: 86.6 | H7: 0.33 | I7: FREQ | J7: 0.18 | K7: 0.33 | L7: 1 | M7: 0 | N7: 8219.4 | O7: 86 | P7: =G7-O7 -> 0.6 | Q7: =ABS(P7) -> 0.6
A8: 6 | B8: 86.6 | C8: 0.38 | D8: 1.465 | E8: 1.73 | F8: 7 | G8: 86.6 | H8: 0.32 | I8: FREQ | J8: 0.13 | K8: 0.32 | L8: 1 | M8: 0 | N8: 8705.8 | O8: 88 | P8: =G8-O8 -> -1.4 | Q8: =ABS(P8) -> 1.4
A9: 7 | B9: 87.3 | C9: 0.66 | D9: 1.511 | E9: 2.22 | F9: 8 | G9: 87.3 | H9: 0.55 | I9: FREQ | J9: 0.02 | K9: 0.55 | L9: 1 | M9: 0 | N9: 9799.7 | O9: 88 | P9: =G9-O9 -> -0.7 | Q9: =ABS(P9) -> 0.7
A10: 8 | B10: 89.5 | C10: 0.76 | D10: 1.547 | E10: 2.5 | F10: 8 | G10: 89.5 | H10: 0.7 | I10: FREQ | J10: 0.04 | K10: 0.7 | L10: 1 | M10: 0 | N10: 9551.2 | O10: 90 | P10: =G10-O10 -> -0.5 | Q10: =ABS(P10) -> 0.5
A11: 9 | B11: 91.5 | C11: 0.8 | D11: 1.573 | E11: 2.72 | F11: 8 | G11: 91.5 | H11: 0.77 | I11: FREQ | J11: 0 | K11: 0.77 | L11: 1 | M11: 0 | N11: 11092.1 | O11: 90 | P11: =G11-O11 -> 1.5 | Q11: =ABS(P11) -> 1.5
A12: 10 | B12: 92.8 | C12: 0.76 | D12: 1.571 | E12: 2.6 | F12: 8 | G12: 92.8 | H12: 0.75 | I12: FREQ | J12: 0.02 | K12: 0.75 | L12: 1 | M12: 0 | N12: 9777.3 | O12: 93 | P12: =G12-O12 -> -0.2 | Q12: =ABS(P12) -> 0.2
A13: 11 | B13: 93 | C13: 0.64 | D13: 1.551 | E13: 2.08 | F13: 8 | G13: 93 | H13: 0.55 | I13: FREQ | J13: 0.12 | K13: 0.55 | L13: 1 | M13: 0 | N13: 8761.4 | O13: 93 | P13: =G13-O13 -> 0 | Q13: =ABS(P13) -> 0
... A61: 59 | B61: 0 | C61: 0 | D61: 0 | E61: 0 | F61: 0 | G61: 85.1 | H61: 0 | I61: HOLD | J61: 0.15 | K61: 0 | L61: 1 | M61: 1 | N61: 8500.4 | O61: 84 | P61: =G61-O61 -> 1.1 | Q61: =ABS(P61) -> 1.1

Sheet Summary
A1: 3Hz Final HR Performance Summary
A3: Metric | B3: Formula/Value | C3: Unit | D3: Description | F3: Metric | G3: Value
A4: Samples | B4: =COUNT(Data!G2:G61) -> 60 | C4: windows | D4: Number of analyzed windows | F4: MAE | G4: =B5 -> 1.1933333
A5: MAE | B5: =AVERAGE(Data!Q2:Q61) -> 1.1933333 | C5: BPM | D5: Mean absolute error vs external HR | F5: RMSE | G5: =B6 -> 1.411028
A6: RMSE | B6: =SQRT(SUMSQ(Data!P2:P61)/COUNT(Data!P2:P61)) -> 1.411028 | C6: BPM | D6: Root mean square error vs external HR | F6: Max Error | G6: =B7 -> 3.2
A7: Max Error | B7: =MAX(Data!Q2:Q61) -> 3.2 | C7: BPM | D7: Maximum absolute error
A8: HR Std Dev | B8: =STDEV(Data!G2:G61) -> 2.4398782 | C8: BPM | D8: Standard deviation of final HR output
A9: Hold Mode % | B9: =COUNTIF(Data!I2:I61,"HOLD")/COUNTA(Data!I2:I61) -> 0.18333333 | C9: % | D9: Percentage of windows where final output was held
A10: Mean Confidence | B10: =AVERAGE(Data!H2:H61) -> 0.47333333 | C10: score | D10: Average final confidence value
A11: Mean External HR | B11: =AVERAGE(Data!O2:O61) -> 87.1 | C11: BPM | D11: Average reference HR
A12: Mean Final HR | B12: =AVERAGE(Data!G2:G61) -> 87.523333 | C12: BPM | D12: Average final estimated HR
A15: Notes
A16: This workbook was generated from the filtered 60-row CSV log.
A17: Computed error is final HR minus external reference HR; absolute error is used for MAE and max error.
